,imgName,trialType
1,filler_creek_1e2d358378956a37.jpg,filler
2,target_desert_n09270735_12116.jpg,target
3,target_lake_84de14e092404f46.jpg,target
4,target_creek_b52fbb2521836cc7.jpg,target
5,target_lake_84de14e092404f46.jpg,repeat
6,target_river_n09415671_5470.jpg,target
7,target_desert_n09270735_12116.jpg,repeat
8,filler_volcano_n09472597_22750.jpg,filler
9,target_creek_b52fbb2521836cc7.jpg,repeat
10,target_river_n09415671_5470.jpg,repeat
11,target_savanna_32228339a01b0f4c.jpg,target
12,filler_plantation_sun_aioxamlvtxhpnzzt.jpg,filler
13,target_savanna_9edfd68054226fc1.jpg,target
14,target_savanna_32228339a01b0f4c.jpg,repeat
15,filler_savanna_0fbaf2e2db331109.jpg,filler
16,filler_lake_n03634034_5967.jpg,filler
17,target_valley_n09468604_10646.jpg,target
18,target_savanna_9edfd68054226fc1.jpg,repeat
19,target_icescape_n09308572_1766.jpg,target
20,target_valley_n09468604_10646.jpg,repeat
21,target_icescape_n09308572_1766.jpg,repeat
22,target_pasture_sun_blfhgrehecmwbptm.jpg,target
23,target_river_sun_amooihhbpiuhzlcl.jpg,target
24,target_lake_n03634034_7799.jpg,target
25,target_shore_n09428293_23069.jpg,target
26,target_river_sun_amooihhbpiuhzlcl.jpg,repeat
27,target_pasture_sun_blfhgrehecmwbptm.jpg,repeat
28,target_lake_n03634034_7799.jpg,repeat
29,target_plantation_4bf766d6039e7e27.jpg,target
30,target_shore_n09428293_23069.jpg,repeat
31,target_pasture_n07801091_65173.jpg,target
32,target_plantation_4bf766d6039e7e27.jpg,repeat
33,filler_geyser_sun_bangxwznfqpugceb.jpg,filler
34,target_creek_ea8f9fc441045158.jpg,target
35,target_lake_n03634034_2188.jpg,target
36,target_creek_ea8f9fc441045158.jpg,repeat
37,target_pasture_n07801091_65173.jpg,repeat
38,target_lake_n03634034_2188.jpg,repeat
39,target_geyser_n09288635_4043.jpg,target
40,target_savanna_94cb6dc3b5293417.jpg,target
41,target_wetland_f8fb067c9f34b01b.jpg,target
42,target_savanna_94cb6dc3b5293417.jpg,repeat
43,target_creek_db65aaa975ba7c84.jpg,target
44,target_pasture_sun_bapxsulexojpepyd.jpg,target
45,target_geyser_n09288635_4043.jpg,repeat
46,target_wetland_f8fb067c9f34b01b.jpg,repeat
47,target_creek_db65aaa975ba7c84.jpg,repeat
48,filler_jungle_6bfa7b57d0deb743.jpg,filler
49,target_pasture_n07801091_49081.jpg,target
50,target_pasture_sun_bapxsulexojpepyd.jpg,repeat
51,filler_savanna_48b4b23fb49e4cff.jpg,filler
52,target_pasture_n07801091_49081.jpg,repeat
53,target_pasture_n07801091_38101.jpg,target
54,target_shore_n09428293_11949.jpg,target
55,filler_jungle_827b86308b879908.jpg,filler
56,target_field_n09393605_64469.jpg,target
57,target_plantation_eef37194bf91e872.jpg,target
58,target_pasture_n07801091_38101.jpg,repeat
59,target_shore_n09428293_11949.jpg,repeat
60,target_field_n09393605_64469.jpg,repeat
61,target_savanna_4d38e47c9c74abb5.jpg,target
62,target_plantation_eef37194bf91e872.jpg,repeat
63,target_savanna_4d38e47c9c74abb5.jpg,repeat
64,filler_badlands_2da2f8e4173ec2d8.jpg,filler
65,target_savanna_82670f93cd2dc68e.jpg,target
66,filler_mountain_n09359803_23901.jpg,filler
67,target_river_n09415671_15977.jpg,target
68,target_icescape_n09309168_432.jpg,target
69,target_savanna_82670f93cd2dc68e.jpg,repeat
70,target_waterfall_sun_bsssizmsssfovgzv.jpg,target
71,target_river_n09415671_5317.jpg,target
72,target_waterfall_sun_bsssizmsssfovgzv.jpg,repeat
73,target_river_n09415671_15977.jpg,repeat
74,target_icescape_n09309168_432.jpg,repeat
75,target_river_n09415671_5317.jpg,repeat
76,target_creek_a64321454ce3af8a.jpg,target
77,target_shore_n09428293_29070.jpg,target
78,target_volcano_n09472597_52504.jpg,target
79,target_shore_n09428293_29070.jpg,repeat
80,target_volcano_n09472597_52504.jpg,repeat
81,target_shore_n09428293_28986.jpg,target
82,target_creek_a64321454ce3af8a.jpg,repeat
83,filler_mountain_n09303008_31240.jpg,filler
84,target_sea_n09376198_3096.jpg,target
85,target_shore_n09428293_28986.jpg,repeat
86,target_desert_sun_aypzejealkrzrqxx.jpg,target
87,filler_shore_n09428293_48813.jpg,filler
88,target_plantation_462b79af7fb7cbaf.jpg,target
89,target_sea_n09376198_3096.jpg,repeat
90,target_shore_n09217230_6184.jpg,target
91,target_desert_sun_aypzejealkrzrqxx.jpg,repeat
92,target_plantation_462b79af7fb7cbaf.jpg,repeat
93,target_shore_n09217230_6184.jpg,repeat
94,filler_mountain_n09303008_26126.jpg,filler
95,filler_creek_dd97cf9ce8a82992.jpg,filler
96,target_shore_n09217230_2843.jpg,target
97,target_shore_n09421951_1478.jpg,target
98,target_shore_n09217230_2843.jpg,repeat
99,target_field_sun_aanjgkilxhsgjsyw.jpg,target
100,target_shore_n09421951_1478.jpg,repeat
101,target_field_sun_aanjgkilxhsgjsyw.jpg,repeat
102,target_sea_n09376198_21118.jpg,target
103,target_geyser_n09288635_1022.jpg,target
104,filler_pasture_n07801091_51542.jpg,filler
105,target_geyser_n09288635_1022.jpg,repeat
106,target_sea_n09376198_21118.jpg,repeat
107,target_badlands_ab3255d92dfcb5ab.jpg,target
108,target_waterfall_sun_becpynhazdxerqrj.jpg,target
109,target_badlands_ab3255d92dfcb5ab.jpg,repeat
110,target_valley_n09468604_57440.jpg,target
111,target_mountain_n09359803_22217.jpg,target
112,target_valley_n09468604_57440.jpg,repeat
113,filler_volcano_n09472597_31129.jpg,filler
114,target_waterfall_sun_becpynhazdxerqrj.jpg,repeat
115,target_mountain_n09359803_22217.jpg,repeat
116,filler_geyser_n09288635_3580.jpg,filler
117,target_plantation_7bc77f7a206c721c.jpg,target
118,target_river_n09415671_17299.jpg,target
119,target_geyser_n09288635_173.jpg,target
120,target_sea_n09376198_34266.jpg,target
121,filler_shore_n09217230_702.jpg,filler
122,target_geyser_n09288635_173.jpg,repeat
123,target_plantation_7bc77f7a206c721c.jpg,repeat
124,target_river_n09415671_17299.jpg,repeat
125,target_sea_n09376198_34266.jpg,repeat
126,target_volcano_n09472597_14703.jpg,target
127,filler_wetland_fd12abc98c5136f6.jpg,filler
128,filler_badlands_sun_akynhepkzcxxkgow.jpg,filler
129,target_plantation_cbfe8950e026a1e4.jpg,target
130,target_valley_n09468604_8336.jpg,target
131,target_plantation_cbfe8950e026a1e4.jpg,repeat
132,target_volcano_n09472597_14703.jpg,repeat
133,filler_sea_n09376198_15319.jpg,filler
134,target_savanna_e02a4720aa913ac8.jpg,target
135,target_valley_n09468604_8336.jpg,repeat
136,filler_lake_ae833035574352eb.jpg,filler
137,target_icescape_n09289331_7724.jpg,target
138,target_pasture_sun_bujzmvmaktrcwuqg.jpg,target
139,target_savanna_e02a4720aa913ac8.jpg,repeat
140,target_barn_n02793495_5839.jpg,target
141,target_icescape_n09289331_7724.jpg,repeat
142,target_pasture_sun_bujzmvmaktrcwuqg.jpg,repeat
143,target_barn_n02793495_5839.jpg,repeat
144,target_desert_n09270735_24858.jpg,target
145,target_waterfall_sun_amplwdrwrticntps.jpg,target
146,filler_shore_n09428293_22601.jpg,filler
147,target_desert_n09270735_24858.jpg,repeat
148,target_waterfall_sun_amplwdrwrticntps.jpg,repeat
149,filler_desert_n09270735_30833.jpg,filler
150,target_barn_n02793495_5227.jpg,target
151,target_wetland_aa81588b4a5a7e27.jpg,target
152,target_barn_n02793495_5227.jpg,repeat
153,target_volcano_n09472597_110.jpg,target
154,filler_wetland_56e42703b8495e8b.jpg,filler
155,target_jungle_4c1d1d4f21cf31e2.jpg,target
156,target_volcano_n09472597_110.jpg,repeat
157,target_wetland_aa81588b4a5a7e27.jpg,repeat
158,filler_icescape_n09289331_4564.jpg,filler
159,target_barn_n02793495_11567.jpg,target
160,target_jungle_4c1d1d4f21cf31e2.jpg,repeat
161,target_barn_n02793495_11567.jpg,repeat
162,filler_sea_n09376198_39749.jpg,filler
163,target_desert_n09270735_4151.jpg,target
164,target_badlands_0a41e7b2e1f24787.jpg,target
165,target_desert_n09270735_4151.jpg,repeat
166,filler_icescape_n09308572_6088.jpg,filler
167,target_barn_n02793495_1647.jpg,target
168,target_badlands_0a41e7b2e1f24787.jpg,repeat
169,target_savanna_1220fa5cbeeaea92.jpg,target
170,filler_jungle_18bed2a09181a499.jpg,filler
171,target_barn_n02793495_1647.jpg,repeat
172,target_savanna_1220fa5cbeeaea92.jpg,repeat
173,target_desert_n09270735_9551.jpg,target
174,filler_plantation_sun_axkbfhmkopqemnsq.jpg,filler
175,filler_shore_n09217230_815.jpg,filler
176,target_badlands_sun_aosvqijvmwznjrsh.jpg,target
177,target_desert_n09270735_9551.jpg,repeat
178,filler_valley_n09468604_22268.jpg,filler
179,target_mountain_n09303008_27938.jpg,target
180,target_wetland_68a9c1b45c6b1603.jpg,target
181,target_wetland_274700f57512e591.jpg,target
182,target_badlands_sun_aosvqijvmwznjrsh.jpg,repeat
183,target_wetland_68a9c1b45c6b1603.jpg,repeat
184,target_mountain_n09303008_27938.jpg,repeat
185,target_wetland_274700f57512e591.jpg,repeat
186,filler_sea_n09376198_17428.jpg,filler
187,target_river_n09415671_14500.jpg,target
188,filler_jungle_a1fb2184d465f341.jpg,filler
189,target_river_n09415671_14500.jpg,repeat
190,target_field_n09393605_23116.jpg,target
191,filler_desert_n09270735_22985.jpg,filler
192,target_barn_n02793495_1919.jpg,target
193,target_field_n09393605_23116.jpg,repeat
194,target_waterfall_sun_arvvnrldsfofvylu.jpg,target
195,target_sea_n09376198_22707.jpg,target
196,target_volcano_n09472597_495.jpg,target
197,target_barn_n02793495_1919.jpg,repeat
198,target_sea_n09376198_22707.jpg,repeat
199,target_waterfall_sun_arvvnrldsfofvylu.jpg,repeat
200,target_volcano_n09472597_495.jpg,repeat
201,target_mountain_n09359803_43167.jpg,target
202,target_volcano_n09472597_4600.jpg,target
203,filler_desert_n09270735_9296.jpg,filler
204,target_volcano_n09472597_4600.jpg,repeat
205,target_river_n09415671_19975.jpg,target
206,target_mountain_n09359803_43167.jpg,repeat
207,target_river_n09415671_19975.jpg,repeat
208,filler_barn_n02793495_12386.jpg,filler
209,target_barn_n02793495_7457.jpg,target
210,target_field_n09393605_41164.jpg,target
211,target_field_sun_aypbzbfuprtztaqy.jpg,target
212,target_field_n09393605_41164.jpg,repeat
213,filler_field_n09393605_23937.jpg,filler
214,target_barn_n02793495_7457.jpg,repeat
215,target_lake_3209b29eab56bf92.jpg,target
216,target_field_sun_aypbzbfuprtztaqy.jpg,repeat
217,target_icescape_n09289331_4539.jpg,target
218,filler_river_n09415671_18361.jpg,filler
219,target_icescape_n09289331_4539.jpg,repeat
220,filler_field_n12142085_905.jpg,filler
221,target_lake_3209b29eab56bf92.jpg,repeat
222,target_icescape_n09289331_5411.jpg,target
223,target_volcano_n09472597_8510.jpg,target
224,filler_pasture_n07801091_45230.jpg,filler
225,target_icescape_n09289331_5411.jpg,repeat
226,target_volcano_n09472597_8510.jpg,repeat
227,target_waterfall_sun_btpaxygvjiqfrsvs.jpg,target
228,filler_plantation_02208a6a6d4b110c.jpg,filler
229,filler_volcano_n09472597_57437.jpg,filler
230,target_desert_n09270735_10720.jpg,target
231,target_waterfall_sun_btpaxygvjiqfrsvs.jpg,repeat
232,filler_volcano_n09472597_29182.jpg,filler
233,target_desert_n09270735_10720.jpg,repeat
234,target_jungle_39428ef59a36414d.jpg,target
235,target_geyser_sun_bppwllojufniahga.jpg,target
236,filler_pasture_n07801091_63360.jpg,filler
237,target_jungle_39428ef59a36414d.jpg,repeat
238,target_wetland_811f66de9aa9bbf0.jpg,target
239,filler_waterfall_sun_brwngbfhqycrxaiz.jpg,filler
240,target_geyser_sun_bppwllojufniahga.jpg,repeat
241,target_barn_n02793495_183.jpg,target
242,target_geyser_n09288635_10290.jpg,target
243,target_wetland_811f66de9aa9bbf0.jpg,repeat
244,target_volcano_n09472597_29583.jpg,target
245,target_geyser_n09288635_10290.jpg,repeat
246,filler_creek_61a523fb9fa663e8.jpg,filler
247,target_barn_n02793495_183.jpg,repeat
248,target_volcano_n09472597_29583.jpg,repeat
249,filler_field_n09393605_13641.jpg,filler
250,filler_badlands_sun_belkzcvlquyyzxlu.jpg,filler
251,filler_badlands_107a6a75b9ff7593.jpg,filler
252,target_lake_52eec65ddbd47cea.jpg,target
253,filler_valley_n09468604_995.jpg,filler
254,target_waterfall_sun_beymsjkywdwqictt.jpg,target
255,target_sea_n09376198_15858.jpg,target
256,target_field_n09393605_45426.jpg,target
257,target_waterfall_sun_beymsjkywdwqictt.jpg,repeat
258,target_lake_52eec65ddbd47cea.jpg,repeat
259,target_field_n09393605_45426.jpg,repeat
260,filler_geyser_n09288635_2529.jpg,filler
261,target_sea_n09376198_15858.jpg,repeat
262,target_badlands_1b65eba9195d7b48.jpg,target
263,target_badlands_c7664b0fa8cf14c0.jpg,target
264,target_badlands_sun_anowzijwkurybpjf.jpg,target
265,target_badlands_1b65eba9195d7b48.jpg,repeat
266,target_badlands_sun_anowzijwkurybpjf.jpg,repeat
267,target_badlands_c7664b0fa8cf14c0.jpg,repeat
268,target_icescape_n09289331_3970.jpg,target
269,filler_savanna_sun_aqbpztfbkpkfbxqx.jpg,filler
270,target_mountain_n09359803_28106.jpg,target
271,filler_creek_0618cd4758301cb9.jpg,filler
272,target_icescape_n09289331_3970.jpg,repeat
273,target_mountain_n09359803_28106.jpg,repeat
274,filler_wetland_9ae6eb66b27d02b7.jpg,filler
275,filler_sea_n09376198_39046.jpg,filler
276,filler_pasture_sun_ayaekrkszrutbauj.jpg,filler
277,target_mountain_n09359803_25365.jpg,target
278,target_wetland_434a52f2db875a77.jpg,target
279,target_geyser_n09288635_11978.jpg,target
280,target_wetland_785ee485ae352669.jpg,target
281,target_wetland_434a52f2db875a77.jpg,repeat
282,target_wetland_785ee485ae352669.jpg,repeat
283,target_mountain_n09359803_25365.jpg,repeat
284,target_geyser_n09288635_11978.jpg,repeat
285,target_savanna_4f2ffae85d9ce07b.jpg,target
286,filler_wetland_ab2578ac27d1ad5d.jpg,filler
287,target_field_n09393605_3369.jpg,target
288,filler_waterfall_sun_bxjeqetmyxsetmyi.jpg,filler
289,target_savanna_4f2ffae85d9ce07b.jpg,repeat
290,target_jungle_e6d35f289201c1cf.jpg,target
291,target_wetland_5878ed597cc52e6e.jpg,target
292,target_field_n09393605_3369.jpg,repeat
293,target_wetland_5878ed597cc52e6e.jpg,repeat
294,target_pasture_sun_aphjjmpfcgpkxrvq.jpg,target
295,filler_valley_n09468604_14047.jpg,filler
296,target_jungle_e6d35f289201c1cf.jpg,repeat
297,target_pasture_sun_aphjjmpfcgpkxrvq.jpg,repeat
298,target_jungle_d4bfe00b896bae57.jpg,target
299,target_mountain_n09303008_920.jpg,target
300,filler_waterfall_sun_ahtmadjqgksjnnnb.jpg,filler
301,target_badlands_b58ab34a53532e2f.jpg,target
302,target_mountain_n09303008_920.jpg,repeat
303,target_volcano_n09472597_11258.jpg,target
304,target_jungle_d4bfe00b896bae57.jpg,repeat
305,target_sea_n09376198_5884.jpg,target
306,target_badlands_b58ab34a53532e2f.jpg,repeat
307,target_sea_n09376198_5884.jpg,repeat
308,filler_desert_n09270735_2754.jpg,filler
309,target_volcano_n09472597_11258.jpg,repeat
310,target_geyser_n09288635_13486.jpg,target
311,filler_creek_d37ce84bd17e9211.jpg,filler
312,target_plantation_sun_bczwjohiabrbsydx.jpg,target
313,target_sea_n09376198_22369.jpg,target
314,target_geyser_n09288635_13486.jpg,repeat
315,target_plantation_sun_bczwjohiabrbsydx.jpg,repeat
316,target_sea_n09376198_22369.jpg,repeat
317,target_field_n09393605_59874.jpg,target
318,target_lake_n03634034_7778.jpg,target
319,filler_mountain_n09303008_21194.jpg,filler
320,target_shore_n09217230_1085.jpg,target
321,filler_river_sun_axdytypgqeudktof.jpg,filler
322,target_lake_n03634034_7778.jpg,repeat
323,target_field_n09393605_59874.jpg,repeat
324,target_shore_n09217230_1085.jpg,repeat
325,target_valley_n09468604_8862.jpg,target
326,filler_river_n09415671_9545.jpg,filler
327,target_mountain_n09359803_29305.jpg,target
328,filler_plantation_cc785801d5deda60.jpg,filler
329,target_valley_n09468604_8862.jpg,repeat
330,filler_valley_n09468604_48588.jpg,filler
331,filler_barn_n02793495_8429.jpg,filler
332,target_wetland_e7569573c9ee6bdc.jpg,target
333,target_mountain_n09359803_29305.jpg,repeat
334,target_geyser_n09288635_365.jpg,target
335,filler_waterfall_sun_akihhfvylreuhukq.jpg,filler
336,target_badlands_sun_asvcfruitoxygxrv.jpg,target
337,target_badlands_sun_bhribroenyyculkx.jpg,target
338,target_wetland_e7569573c9ee6bdc.jpg,repeat
339,target_badlands_sun_asvcfruitoxygxrv.jpg,repeat
340,target_geyser_n09288635_365.jpg,repeat
341,target_icescape_n09289331_5869.jpg,target
342,target_badlands_sun_bhribroenyyculkx.jpg,repeat
343,target_jungle_a252b3cce303c122.jpg,target
344,target_icescape_n09289331_5869.jpg,repeat
345,target_shore_n09421951_6821.jpg,target
346,target_valley_n09468604_58752.jpg,target
347,target_jungle_a252b3cce303c122.jpg,repeat
348,target_lake_59346dfdc14f4b81.jpg,target
349,target_jungle_a0b6a1c932eebe9e.jpg,target
350,target_lake_59346dfdc14f4b81.jpg,repeat
351,target_shore_n09421951_6821.jpg,repeat
352,target_valley_n09468604_58752.jpg,repeat
353,target_jungle_a0b6a1c932eebe9e.jpg,repeat
354,target_savanna_sun_affghkaeecrxnupq.jpg,target
355,target_pasture_n07801091_63223.jpg,target
356,target_jungle_3f552ebe5afa4382.jpg,target
357,target_sea_n09376198_4578.jpg,target
358,target_jungle_3f552ebe5afa4382.jpg,repeat
359,target_pasture_n07801091_63223.jpg,repeat
360,target_savanna_sun_affghkaeecrxnupq.jpg,repeat
361,target_sea_n09376198_4578.jpg,repeat
362,target_volcano_n09472597_29635.jpg,target
363,target_creek_140890848a829520.jpg,target
364,target_desert_n09270735_30434.jpg,target
365,target_valley_n09468604_28822.jpg,target
366,target_desert_n09270735_30434.jpg,repeat
367,target_volcano_n09472597_29635.jpg,repeat
368,target_creek_140890848a829520.jpg,repeat
369,target_desert_n09270735_19211.jpg,target
370,target_mountain_n09359803_44106.jpg,target
371,target_valley_n09468604_28822.jpg,repeat
372,target_mountain_n09359803_44106.jpg,repeat
373,filler_river_n09415671_820.jpg,filler
374,filler_volcano_n09472597_22784.jpg,filler
375,target_desert_n09270735_19211.jpg,repeat
376,filler_lake_n03634034_7874.jpg,filler
377,filler_field_n09393605_40542.jpg,filler
378,filler_river_n09415671_18136.jpg,filler
379,target_jungle_ab535640d044766d.jpg,target
380,target_barn_n02793495_13455.jpg,target
381,target_jungle_ab535640d044766d.jpg,repeat
382,target_plantation_92600fb00101ba52.jpg,target
383,target_valley_n09468604_40668.jpg,target
384,target_barn_n02793495_13455.jpg,repeat
385,filler_barn_n02793495_6822.jpg,filler
386,filler_wetland_e73033f2acc81c40.jpg,filler
387,target_plantation_92600fb00101ba52.jpg,repeat
388,target_valley_n09468604_40668.jpg,repeat
389,target_creek_e9b2d88b44dc398f.jpg,target
390,target_shore_n09421951_9201.jpg,target
391,target_river_n09415671_6202.jpg,target
392,target_creek_e9b2d88b44dc398f.jpg,repeat
393,filler_geyser_n09288635_11889.jpg,filler
394,target_river_n09415671_6202.jpg,repeat
395,target_jungle_56a3ce4a8899ace1.jpg,target
396,target_shore_n09421951_9201.jpg,repeat
397,filler_plantation_7ad6e1f3e4ad0d02.jpg,filler
398,target_jungle_56a3ce4a8899ace1.jpg,repeat
399,target_pasture_n07801091_43670.jpg,target
400,filler_desert_n09270735_16991.jpg,filler
401,target_pasture_n07801091_43670.jpg,repeat
402,filler_jungle_9d2a5f2a67650af7.jpg,filler
403,target_desert_n09270735_4178.jpg,target
404,target_valley_n09468604_25771.jpg,target
405,target_creek_sun_ahzprtdsycxhoqdq.jpg,target
406,target_valley_n09468604_25771.jpg,repeat
407,target_river_n09415671_15542.jpg,target
408,target_plantation_sun_azygdhuijrbfollv.jpg,target
409,target_desert_n09270735_4178.jpg,repeat
410,target_plantation_sun_azygdhuijrbfollv.jpg,repeat
411,target_creek_sun_ahzprtdsycxhoqdq.jpg,repeat
412,target_river_n09415671_15542.jpg,repeat
413,filler_pasture_n07801091_36388.jpg,filler
414,filler_barn_n02793495_13346.jpg,filler
415,filler_badlands_b2bee0c1ec3cc149.jpg,filler
416,target_wetland_d669d42c8c5ad87f.jpg,target
417,target_mountain_n09303008_19041.jpg,target
418,target_barn_n02793495_4091.jpg,target
419,target_mountain_n09303008_19041.jpg,repeat
420,target_wetland_d669d42c8c5ad87f.jpg,repeat
421,target_barn_n02793495_4091.jpg,repeat
422,target_geyser_n09288635_12003.jpg,target
423,target_waterfall_sun_bobxnovrewlskesl.jpg,target
424,filler_geyser_n09288635_10308.jpg,filler
425,target_river_n09415671_11456.jpg,target
426,target_geyser_n09288635_12003.jpg,repeat
427,target_waterfall_sun_bxbqnskmvvidhmcj.jpg,target
428,filler_field_n09393605_55896.jpg,filler
429,target_waterfall_sun_bobxnovrewlskesl.jpg,repeat
430,target_river_n09415671_11456.jpg,repeat
431,filler_waterfall_sun_atvyhoadqoyeglex.jpg,filler
432,target_waterfall_sun_bxbqnskmvvidhmcj.jpg,repeat
433,filler_icescape_n09289331_7811.jpg,filler
434,target_badlands_73b01924148f9a88.jpg,target
435,target_creek_00a72fa141918070.jpg,target
436,filler_icescape_n09308572_3437.jpg,filler
437,target_creek_5c5e8f097fa56b06.jpg,target
438,target_creek_00a72fa141918070.jpg,repeat
439,target_valley_n09468604_58896.jpg,target
440,target_badlands_73b01924148f9a88.jpg,repeat
441,target_creek_5c5e8f097fa56b06.jpg,repeat
442,target_savanna_e2fc18d1ca1800c0.jpg,target
443,target_valley_n09468604_58896.jpg,repeat
444,filler_mountain_n09303008_22625.jpg,filler
445,target_waterfall_sun_bxelgxxcofiqeurd.jpg,target
446,filler_barn_n02793495_7616.jpg,filler
447,target_waterfall_sun_bxelgxxcofiqeurd.jpg,repeat
448,target_savanna_e2fc18d1ca1800c0.jpg,repeat
449,target_volcano_n09472597_14301.jpg,target
450,target_lake_sun_aaquttcuxwjcswwz.jpg,target
451,target_mountain_n09359803_20911.jpg,target
452,target_icescape_n09289331_6768.jpg,target
453,target_lake_sun_aaquttcuxwjcswwz.jpg,repeat
454,target_volcano_n09472597_14301.jpg,repeat
455,target_mountain_n09359803_20911.jpg,repeat
456,filler_icescape_n09289331_6524.jpg,filler
457,target_icescape_n09289331_6768.jpg,repeat
458,target_icescape_n09289331_679.jpg,target
459,target_creek_8474877e90b4ab52.jpg,target
460,target_barn_n02793495_3852.jpg,target
461,target_creek_8474877e90b4ab52.jpg,repeat
462,target_icescape_n09308572_596.jpg,target
463,filler_savanna_f0bb0e12e0b58962.jpg,filler
464,target_icescape_n09289331_679.jpg,repeat
465,filler_lake_ec1ae658ac977b8a.jpg,filler
466,target_barn_n02793495_3852.jpg,repeat
467,target_icescape_n09308572_596.jpg,repeat
468,target_geyser_n09288635_10938.jpg,target
469,target_sea_n09376198_21338.jpg,target
470,target_geyser_n09288635_10938.jpg,repeat
471,target_pasture_n07801091_66147.jpg,target
472,target_desert_n09270735_1884.jpg,target
473,target_pasture_n07801091_66147.jpg,repeat
474,target_plantation_350b2117fd67fe32.jpg,target
475,target_sea_n09376198_21338.jpg,repeat
476,target_desert_n09270735_1884.jpg,repeat
477,target_valley_n09468604_43204.jpg,target
478,target_plantation_350b2117fd67fe32.jpg,repeat
479,filler_savanna_99bcf6128cb5d909.jpg,filler
480,target_valley_n09468604_43204.jpg,repeat
481,filler_sea_n09376198_19552.jpg,filler
482,target_plantation_6b607baa16b43197.jpg,target
483,target_field_sun_amfhfmwkktwcrstd.jpg,target
484,target_sea_n09376198_19981.jpg,target
485,target_jungle_a017ac25346efdcd.jpg,target
486,target_sea_n09376198_19981.jpg,repeat
487,target_field_sun_amfhfmwkktwcrstd.jpg,repeat
488,target_plantation_6b607baa16b43197.jpg,repeat
489,filler_shore_n09428293_39006.jpg,filler
490,target_jungle_a017ac25346efdcd.jpg,repeat
491,target_field_n09393605_21966.jpg,target
492,target_waterfall_sun_bbgflftewjdxxhmu.jpg,target
493,filler_valley_n09468604_22272.jpg,filler
494,target_lake_e0071b5d319321d5.jpg,target
495,target_lake_n03634034_7819.jpg,target
496,target_waterfall_sun_bbgflftewjdxxhmu.jpg,repeat
497,target_field_n09393605_21966.jpg,repeat
498,filler_lake_n03634034_724.jpg,filler
499,target_lake_e0071b5d319321d5.jpg,repeat
500,target_lake_n03634034_7819.jpg,repeat
